time,temperature_2m,relative_humidity_2m,precipitation,dew_point_2m
2024-04-12 00:00:00+05:30,-2.45,70.2,0.0,-7.13
2024-04-12 01:00:00+05:30,-3.46,73.8,0.0,-7.47
2024-04-12 02:00:00+05:30,-4.54,78.0,0.0,-7.79
2024-04-12 03:00:00+05:30,-4.46,81.3,0.0,-7.18
2024-04-12 04:00:00+05:30,-3.9,76.2,0.0,-7.47
2024-04-12 05:00:00+05:30,-3.96,77.7,0.0,-7.27
2024-04-12 06:00:00+05:30,-3.22,79.6,0.0,-6.25
2024-04-12 07:00:00+05:30,-1.57,70.1,0.0,-6.31
2024-04-12 08:00:00+05:30,0.12,67.5,0.0,-5.19
2024-04-12 09:00:00+05:30,2.04,57.1,0.0,-5.56
2024-04-12 10:00:00+05:30,3.64,53.8,0.0,-4.85
2024-04-12 11:00:00+05:30,5.77,45.1,0.0,-5.21
2024-04-12 12:00:00+05:30,7.54,41.0,0.0,-4.87
2024-04-12 13:00:00+05:30,8.66,40.4,0.0,-4.07
2024-04-12 14:00:00+05:30,9.73,30.5,0.0,-6.8
2024-04-12 15:00:00+05:30,10.04,35.0,0.0,-4.76
2024-04-12 16:00:00+05:30,9.39,36.5,0.0,-4.75
2024-04-12 17:00:00+05:30,8.8,36.4,0.0,-5.34
2024-04-12 18:00:00+05:30,7.3,39.0,0.0,-5.75
2024-04-12 19:00:00+05:30,6.19,46.4,0.0,-4.48
2024-04-12 20:00:00+05:30,4.45,50.5,0.0,-4.97
2024-04-12 21:00:00+05:30,2.54,58.4,0.0,-4.79
2024-04-12 22:00:00+05:30,0.48,64.5,0.0,-5.44
2024-04-12 23:00:00+05:30,-0.74,72.4,0.0,-5.09
2024-04-13 00:00:00+05:30,-2.29,72.7,0.0,-6.52
2024-04-13 01:00:00+05:30,-3.59,74.9,0.0,-7.39
2024-04-13 02:00:00+05:30,-4.4,80.5,0.0,-7.25
2024-04-13 03:00:00+05:30,-4.43,80.7,0.0,-7.24
2024-04-13 04:00:00+05:30,-4.08,82.4,0.0,-6.62
2024-04-13 05:00:00+05:30,-3.27,78.5,0.0,-6.47
2024-04-13 06:00:00+05:30,-2.06,73.5,0.0,-6.17
2024-04-13 07:00:00+05:30,0.06,69.5,0.0,-4.87
2024-04-13 08:00:00+05:30,1.39,58.6,0.0,-5.85
2024-04-13 09:00:00+05:30,2.88,55.2,0.0,-5.24
2024-04-13 10:00:00+05:30,4.33,49.8,0.0,-5.24
2024-04-13 11:00:00+05:30,6.23,45.1,0.0,-4.81
2024-04-13 12:00:00+05:30,8.03,36.9,0.0,-5.84
2024-04-13 13:00:00+05:30,8.99,38.8,0.0,-4.3
2024-04-13 14:00:00+05:30,9.31,35.7,0.0,-5.14
2024-04-13 15:00:00+05:30,9.25,32.7,0.0,-6.32
2024-04-13 16:00:00+05:30,9.29,33.7,0.0,-5.89
2024-04-13 17:00:00+05:30,8.84,38.5,0.0,-4.55
2024-04-13 18:00:00+05:30,7.86,42.9,0.0,-3.98
2024-04-13 19:00:00+05:30,6.1,51.5,0.0,-3.17
2024-04-13 20:00:00+05:30,4.47,59.0,0.0,-2.86
2024-04-13 21:00:00+05:30,2.67,58.5,0.0,-4.66
2024-04-13 22:00:00+05:30,0.9,60.6,0.0,-5.86
2024-04-13 23:00:00+05:30,-0.53,62.4,0.0,-6.84
2024-04-14 00:00:00+05:30,-1.99,73.0,0.0,-6.18
2024-04-14 01:00:00+05:30,-2.96,73.4,0.0,-7.04
2024-04-14 02:00:00+05:30,-3.75,77.0,0.0,-7.2
2024-04-14 03:00:00+05:30,-3.99,77.2,0.0,-7.39
2024-04-14 04:00:00+05:30,-3.64,77.3,0.0,-7.03
2024-04-14 05:00:00+05:30,-3.57,80.1,0.0,-6.51
2024-04-14 06:00:00+05:30,-2.57,74.6,0.0,-6.46
2024-04-14 07:00:00+05:30,-1.26,69.6,0.0,-6.1
2024-04-14 08:00:00+05:30,0.26,62.6,0.0,-6.05
2024-04-14 09:00:00+05:30,2.06,55.2,0.0,-5.99
2024-04-14 10:00:00+05:30,4.48,50.4,0.0,-4.93
2024-04-14 11:00:00+05:30,5.83,47.2,0.0,-4.57
2024-04-14 12:00:00+05:30,7.66,45.9,0.0,-3.27
2024-04-14 13:00:00+05:30,8.14,40.3,0.0,-4.58
2024-04-14 14:00:00+05:30,8.8,40.3,0.0,-3.98
2024-04-14 15:00:00+05:30,9.19,35.3,0.0,-5.37
2024-04-14 16:00:00+05:30,9.22,33.5,0.0,-6.03
2024-04-14 17:00:00+05:30,8.78,35.5,0.0,-5.67
2024-04-14 18:00:00+05:30,7.9,38.9,0.0,-5.25
2024-04-14 19:00:00+05:30,6.24,51.4,0.0,-3.07
2024-04-14 20:00:00+05:30,4.34,50.1,0.0,-5.17
2024-04-14 21:00:00+05:30,2.82,59.1,0.0,-4.39
2024-04-14 22:00:00+05:30,0.88,60.9,0.0,-5.81
2024-04-14 23:00:00+05:30,-1.29,72.5,0.0,-5.61
2024-04-15 00:00:00+05:30,-3.08,76.8,0.0,-6.57
2024-04-15 01:00:00+05:30,-4.39,79.7,0.0,-7.38
2024-04-15 02:00:00+05:30,-4.75,81.1,0.0,-7.49
2024-04-15 03:00:00+05:30,-4.84,79.9,0.0,-7.78
2024-04-15 04:00:00+05:30,-4.29,80.8,0.0,-7.09
2024-04-15 05:00:00+05:30,-3.74,76.8,0.0,-7.21
2024-04-15 06:00:00+05:30,-2.53,71.0,0.0,-7.06
2024-04-15 07:00:00+05:30,-0.85,65.5,0.0,-6.5
2024-04-15 08:00:00+05:30,0.7,64.2,0.0,-5.3
2024-04-15 09:00:00+05:30,2.67,61.4,0.0,-4.02
2024-04-15 10:00:00+05:30,4.22,52.9,0.0,-4.55
2024-04-15 11:00:00+05:30,5.8,47.2,0.0,-4.62
2024-04-15 12:00:00+05:30,7.15,43.8,0.0,-4.35
2024-04-15 13:00:00+05:30,7.91,44.0,0.0,-3.62
2024-04-15 14:00:00+05:30,8.91,38.0,0.0,-4.64
2024-04-15 15:00:00+05:30,9.05,36.0,0.0,-5.24
2024-04-15 16:00:00+05:30,8.91,40.3,0.0,-3.89
2024-04-15 17:00:00+05:30,8.45,40.0,0.0,-4.38
2024-04-15 18:00:00+05:30,7.51,45.8,0.0,-3.43
2024-04-15 19:00:00+05:30,6.28,46.3,0.0,-4.4
2024-04-15 20:00:00+05:30,4.5,48.5,0.0,-5.42
2024-04-15 21:00:00+05:30,2.51,54.6,0.0,-5.74
2024-04-15 22:00:00+05:30,0.67,68.0,0.0,-4.57
2024-04-15 23:00:00+05:30,-1.61,75.5,0.0,-5.38
